aryl.and.biaryl.derivatives_true,bulky.mainly.phenyl.derivatives_true,C13.through.C17_true,C18.and.up.or.bile.acid_true,C2.through.C5_true,C6.through.C12_true,cinnamate.and.succinylbenzoate.derivatives_true,cyclic.aliphatic_true,cysteine_true,luciferin_true,median.beta.hydroxyacid_true,polar.and.charged_true,small.hydrophilic_true,small.hydrophobic_true,tiny_true,aryl.and.biaryl.derivatives_pred_RF,bulky.mainly.phenyl.derivatives_pred_RF,C13.through.C17_pred_RF,C18.and.up.or.bile.acid_pred_RF,C2.through.C5_pred_RF,C6.through.C12_pred_RF,cinnamate.and.succinylbenzoate.derivatives_pred_RF,cyclic.aliphatic_pred_RF,cysteine_pred_RF,luciferin_pred_RF,median.beta.hydroxyacid_pred_RF,polar.and.charged_pred_RF,small.hydrophilic_pred_RF,small.hydrophobic_pred_RF,tiny_pred_RF
1,0,0,0,0,0,0,0,0,0,0,0,0,0,0,0.6416666666666666,0.0386,0.044,0.017,0.049,0.026333333333333334,0.073,0.0114,0.005,0.016,0.006,0.028,0.013,0.028,0.003
1,0,0,0,0,0,0,0,0,0,0,0,0,0,0,0.32448333333333335,0.018,0.137,0.03,0.042,0.058916666666666666,0.1736,0.017,0.006,0.099,0.044,0.018,0.012,0.015,0.005
1,0,0,0,0,0,0,0,0,0,0,0,0,0,0,0.964,0.002,0.003,0.001,0.007,0.001,0.004,0.001,0,0,0.004,0.004,0.008,0,0.001
1,0,0,0,0,0,0,0,0,0,0,0,0,0,0,0.7911333333333332,0.009,0.024,0.005,0.018,0.007666666666666666,0.012,0.001,0.008,0.009,0.015,0.003,0.0912,0.002,0.004
1,0,0,0,0,0,0,0,0,0,0,0,0,0,0,0.911,0.006,0.019,0.007,0.007,0.005,0.014,0.003,0,0.002,0.005,0.005,0.006,0.008,0.002
1,0,0,0,0,0,0,0,0,0,0,0,0,0,0,0.897,0.006,0.023,0.007,0.008,0.005,0.021,0.004,0,0.002,0.005,0.007,0.007,0.007,0.001
1,0,0,0,0,0,0,0,0,0,0,0,0,0,0,0.18516666666666665,0.019,0.1511666666666667,0.092,0.0555,0.09383333333333332,0.17233333333333334,0.006,0.012,0.153,0.009,0.017,0.019,0.015,0
1,0,0,0,0,0,0,0,0,0,0,0,0,0,0,0.842,0.007,0.024,0.018,0.025666666666666664,0.009,0.022333333333333337,0.004,0,0.008,0.022,0.001,0.011,0.003,0.003
1,0,0,0,0,0,0,0,0,0,0,0,0,0,0,0.9268,0,0.008,0.002,0.008,0.003,0.024,0,0.001,0.003,0.014,0,0.0092,0,0.001
1,0,0,0,0,0,0,0,0,0,0,0,0,0,0,0.59975,0.044,0.0615,0.02,0.036,0.01925,0.0445,0.0245,0.012,0.012,0.047,0.016,0.041,0.0155,0.007
1,0,0,0,0,0,0,0,0,0,0,0,0,0,0,0.9652999999999999,0,0.003,0.001,0.002,0,0.004,0,0,0.001,0.005,0,0.0177,0,0.001
1,0,0,0,0,0,0,0,0,0,0,0,0,0,0,0.7306333333333334,0.001,0.015,0.005,0.011,0.003,0.019,0,0.004,0.003,0.011,0,0.19736666666666663,0,0
1,0,0,0,0,0,0,0,0,0,0,0,0,0,0,0.97,0,0.004,0,0.004,0.002,0.005,0,0,0.002,0.006,0,0.005,0.001,0.001
1,0,0,0,0,0,0,0,0,0,0,0,0,0,0,0.8937999999999999,0,0.005,0,0.002,0,0.003,0,0,0.001,0.004,0,0.0902,0,0.001
1,0,0,0,0,0,0,0,0,0,0,0,0,0,0,0.445,0.028,0.082,0.036,0.089,0.05,0.117,0.026,0.018,0.006,0.018,0.011,0.035,0.032,0.007
1,0,0,0,0,0,0,0,0,0,0,0,0,0,0,0.0745,0.198,0.142,0.034,0.024,0.0755,0.042,0.094,0.012,0.017,0.006,0.085,0.099,0.074,0.023
1,0,0,0,0,0,0,0,0,0,0,0,0,0,0,0.4213333333333334,0.045,0.0895,0.052,0.06,0.03266666666666666,0.0875,0.054,0.008,0.026,0.022,0.016666666666666666,0.045,0.03433333333333333,0.006
1,0,0,0,0,0,0,0,0,0,0,0,0,0,0,0.347,0.027,0.1065,0.0365,0.051,0.072,0.101,0.027,0.013,0.013,0.075,0.02,0.086,0.011,0.014
1,0,0,0,0,0,0,0,0,0,0,0,0,0,0,0.036,0.164,0.048,0.059,0.053,0.028,0.024,0.066,0.118,0.014,0.003,0.1333333333333333,0.12,0.08966666666666667,0.044
1,0,0,0,0,0,0,0,0,0,0,0,0,0,0,0.65,0.041,0.054,0.018,0.01,0.019,0.008,0.053,0.01,0.003,0.034,0.014,0.04,0.029,0.017
1,0,0,0,0,0,0,0,0,0,0,0,0,0,0,0.678,0.014,0.043,0.028,0.019,0.019,0.037,0.008,0,0.014,0.055,0.018,0.056,0.006,0.005
1,0,0,0,0,0,0,0,0,0,0,0,0,0,0,0.015,0,0.029,0.008,0.016,0.01,0.899,0.001,0.001,0.014,0.004,0,0.001,0.002,0
1,0,0,0,0,0,0,0,0,0,0,0,0,0,0,0.005,0,0.01,0.002,0.006,0.002,0.968,0,0,0.002,0.003,0.002,0,0,0
0,0,0,0,0,0,1,0,0,0,0,0,0,0,0,0.09925,0.021,0.118,0.043,0.044,0.04875,0.517,0.004,0.001,0.055,0.018,0.012,0.009,0.008,0.002
0,0,0,0,0,0,1,0,0,0,0,0,0,0,0,0.13851666666666665,0.015,0.181,0.05,0.0445,0.09323333333333333,0.30975,0.01,0.004,0.094,0.021,0.011,0.009,0.018,0.001
0,0,0,0,0,0,1,0,0,0,0,0,0,0,0,0.38,0.0235,0.079,0.063,0.067,0.094,0.101,0.0805,0.009,0.02,0.012,0.01225,0.033,0.02275,0.003
0,0,0,0,0,0,1,0,0,0,0,0,0,0,0,0.007,0,0.019,0.003,0.006,0.002,0.952,0,0,0.006,0.003,0.002,0,0,0
0,0,0,0,0,0,1,0,0,0,0,0,0,0,0,0.011,0.002,0.082,0.01,0.013,0.011,0.824,0.002,0.001,0.028,0.008,0.002,0.004,0.002,0
0,0,0,0,0,0,1,0,0,0,0,0,0,0,0,0.046,0.008,0.12,0.021,0.024,0.053,0.477,0.014,0,0.207,0.015,0.004,0.007,0.004,0
0,0,0,0,0,0,1,0,0,0,0,0,0,0,0,0.10091666666666665,0.015,0.116,0.015,0.026,0.06908333333333333,0.442,0.001,0.002,0.181,0.01,0.005,0.006,0.011,0
0,0,0,0,0,0,1,0,0,0,0,0,0,0,0,0.02,0.005,0.08516666666666667,0.006,0.011,0.1943333333333333,0.6205,0.005,0,0.024,0.017,0.004,0.004,0.004,0
0,0,0,0,0,0,1,0,0,0,0,0,0,0,0,0.07841666666666668,0.0195,0.163,0.017,0.05733333333333333,0.15683333333333335,0.3834166666666667,0.0255,0.007,0.016,0.009,0.026,0.02,0.02,0.001
0,0,0,0,0,0,1,0,0,0,0,0,0,0,0,0.07,0.012,0.124,0.023,0.032,0.0505,0.5075,0.007,0.004,0.134,0.019,0.006,0.004,0.006,0.001
0,0,0,0,0,0,1,0,0,0,0,0,0,0,0,0.11093333333333334,0.014,0.20325,0.09974999999999999,0.071,0.10026666666666666,0.2798,0.003,0.002,0.065,0.034,0.005,0.006,0.006,0
0,0,0,0,0,0,1,0,0,0,0,0,0,0,0,0.091,0.02,0.12,0.116,0.086,0.115,0.115,0.018,0.074,0.054,0.102,0.04,0.019,0.025,0.005
0,0,0,0,0,0,1,0,0,0,0,0,0,0,0,0.0437,0.013,0.114,0.027,0.018,0.06133333333333333,0.6289666666666667,0.009,0.001,0.037,0.015,0.008,0.011,0.012,0.001
0,0,0,0,0,0,1,0,0,0,0,0,0,0,0,0.08616666666666667,0.049,0.098,0.022,0.3117499999999999,0.035833333333333335,0.24925,0.01,0.011,0.022,0.004,0.017,0.027,0.015,0.042
0,0,0,0,0,0,1,0,0,0,0,0,0,0,0,0.0605,0.043,0.1401666666666667,0.032,0.131,0.0875,0.3998333333333333,0.005,0.004,0.025,0.006,0.025,0.02,0.02,0.001
0,0,0,0,0,0,1,0,0,0,0,0,0,0,0,0.3133333333333333,0.005,0.105,0.036,0.04866666666666667,0.044,0.155,0.001,0.007,0.094,0.144,0.003,0.032,0.003,0.009
0,0,0,0,0,0,1,0,0,0,0,0,0,0,0,0.104,0.019,0.174,0.034,0.051,0.062,0.43,0.025,0.003,0.036,0.019,0.01,0.016,0.017,0
0,0,0,0,0,0,1,0,0,0,0,0,0,0,0,0.023,0.007,0.061,0.01,0.019,0.023,0.77,0.001,0.001,0.065,0.012,0.005,0.002,0.001,0
0,0,0,0,0,0,1,0,0,0,0,0,0,0,0,0.018,0.001,0.032,0.013,0.017,0.009,0.89,0.001,0,0.011,0.005,0.002,0.001,0,0
0,0,0,0,0,0,1,0,0,0,0,0,0,0,0,0.02,0.005,0.048,0.011,0.006,0.015,0.855,0,0,0.027,0.003,0.003,0.004,0.003,0
0,0,0,0,0,0,1,0,0,0,0,0,0,0,0,0.005,0,0.003,0,0.001,0.003,0.001,0,0,0.001,0.985,0,0.001,0,0
0,0,0,0,0,0,1,0,0,0,0,0,0,0,0,0.02,0,0.009,0.004,0.004,0.006,0.006,0,0,0.003,0.942,0,0.005,0.001,0
0,0,0,0,0,0,1,0,0,0,0,0,0,0,0,0.005,0,0.002,0.002,0.001,0.003,0.003,0,0,0,0.983,0,0,0,0.001
0,0,0,0,0,0,1,0,0,0,0,0,0,0,0,0.04633333333333334,0.001,0.019,0.009,0.006,0.008,0.012,0.001,0.001,0.008,0.878,0.001,0.006666666666666666,0.003,0
0,0,0,0,0,0,1,0,0,0,0,0,0,0,0,0.048,0.005,0.033,0.004,0.01,0.007,0.03,0.005,0,0.002,0.832,0.004,0.011,0.007,0.002
0,0,0,0,0,0,1,0,0,0,0,0,0,0,0,0.027,0.027,0.048,0.006,0.007,0.024,0.024,0.022,0.004,0.004,0.727,0.014,0.041,0.02,0.005
0,0,0,0,0,0,0,0,0,0,1,0,0,0,0,0.005,0,0.002,0.002,0.001,0.003,0.003,0,0,0,0.983,0,0,0,0.001
0,0,0,0,0,0,0,0,0,0,1,0,0,0,0,0.012,0.001,0.01,0.003,0.003,0.004,0.006,0,0.001,0,0.958,0,0.001,0,0.001
0,0,0,0,0,0,0,0,0,0,1,0,0,0,0,0.006,0,0.003,0,0.001,0.002,0.002,0,0,0,0.985,0,0.001,0,0
0,0,0,0,0,0,0,0,0,0,1,0,0,0,0,0.013,0,0.007,0.002,0.005,0.004,0.008,0,0,0.001,0.959,0,0.001,0,0
0,0,0,0,0,0,0,0,0,0,1,0,0,0,0,0.076,0.013,0.117,0.043,0.039,0.037,0.121,0.007,0.003,0.026,0.496,0.005,0.009,0.008,0
0,0,0,0,0,0,0,0,0,0,1,0,0,0,0,0.006,0,0.003,0,0.002,0.002,0.001,0,0,0,0.985,0,0.001,0,0
0,0,0,0,0,0,0,0,0,0,1,0,0,0,0,0.013,0,0.01,0.003,0.006,0.004,0.008,0,0,0.001,0.954,0,0.001,0,0
0,0,0,0,0,0,0,0,0,0,1,0,0,0,0,0.04,0.001,0.021,0.009666666666666667,0.012333333333333333,0.009,0.022,0.002,0.002,0.002,0.866,0.003,0.004,0.001,0.005
0,0,0,0,0,0,0,0,0,0,1,0,0,0,0,0.04733333333333334,0.002,0.014,0.008,0.008,0.003,0.013,0.001,0.001,0.012,0.885,0.001,0.0026666666666666666,0.002,0
0,0,0,0,0,0,0,0,0,0,1,0,0,0,0,0.018666666666666665,0.001,0.015,0.011,0.011,0.010333333333333332,0.026,0,0.001,0.008,0.892,0,0.004,0.001,0.001
0,0,0,0,0,0,0,0,0,0,1,0,0,0,0,0.10625,0.002,0.055,0.013,0.034,0.027,0.11275,0.001,0.009,0.014,0.614,0.006,0.001,0.005,0
0,0,0,0,0,0,0,0,0,0,1,0,0,0,0,0.008,0.021,0.72,0.143,0.001,0.048,0.002,0.002,0.003,0.003,0.001,0.012,0.021,0.011,0.004
0,0,0,0,0,0,0,0,0,0,1,0,0,0,0,0.004,0.012,0.759,0.044,0,0.145,0.004,0.004,0.001,0.004,0.001,0.006,0.007,0.007,0.002
0,0,0,0,0,0,0,0,0,0,1,0,0,0,0,0.016,0.092,0.328,0.057,0.007,0.31,0.015,0.02,0.002,0.007,0.003,0.033,0.068,0.033,0.009
0,0,0,0,0,0,0,0,0,0,1,0,0,0,0,0.021,0.095,0.416,0.049,0.023,0.26,0.02,0.02266666666666667,0.003,0.007,0.004,0.017,0.033,0.028333333333333332,0.001
0,0,0,0,0,0,0,0,0,0,1,0,0,0,0,0.011,0.085,0.477,0.015,0.004,0.313,0.004,0.003,0,0.003,0.004,0.006,0.068,0.005,0.002
0,0,0,0,0,0,0,0,0,0,1,0,0,0,0,0.005,0.056,0.669,0.019,0,0.171,0.001,0.004,0,0.001,0,0.007,0.063,0.003,0.001
0,0,1,0,0,0,0,0,0,0,0,0,0,0,0,0.06,0.1505,0.154,0.046,0.024,0.13,0.057,0.0745,0.006,0.029,0.008,0.076,0.088,0.089,0.008
0,0,1,0,0,0,0,0,0,0,0,0,0,0,0,0.006,0.02,0.14,0.023,0.005,0.762,0.005,0.007,0,0.001,0.003,0.005,0.019,0.004,0
0,0,1,0,0,0,0,0,0,0,0,0,0,0,0,0.1572,0.043,0.13625,0.06575,0.12,0.14479999999999998,0.139,0.004,0.01,0.093,0.004,0.033285714285714287,0.023,0.023714285714285716,0.003
0,0,1,0,0,0,0,0,0,0,0,0,0,0,0,0.004,0.003,0.948,0.002,0.004,0.006,0.016,0.002,0.001,0.005,0.006,0.002,0.001,0,0
0,0,1,0,0,0,0,0,0,0,0,0,0,0,0,0.0055,0.003,0.866,0.012,0.013,0.0195,0.047,0.001,0,0.02,0.006,0.003,0.002,0.002,0
0,0,0,1,0,0,0,0,0,0,0,0,0,0,0,0.035,0.204,0.342,0.016,0.021,0.048,0.02,0.06,0.031,0.003,0.003,0.117,0.069,0.021,0.01
0,0,0,0,0,1,0,0,0,0,0,0,0,0,0,0.04616666666666666,0.004,0.331,0.03,0.057,0.07583333333333334,0.32,0.01,0.003,0.097,0.011,0.003,0.005,0.007,0
0,0,0,0,0,1,0,0,0,0,0,0,0,0,0,0.00325,0.001,0.95,0.001,0.005,0.00275,0.021,0.002,0,0.007,0.005,0.001,0.001,0,0
0,0,0,0,0,1,0,0,0,0,0,0,0,0,0,0.0055,0.005,0.919,0.012,0.01,0.0115,0.021,0.001,0,0.003,0.005,0.004,0.003,0,0
0,0,0,0,0,1,0,0,0,0,0,0,0,0,0,0.0075,0.004,0.927,0.011,0.01,0.0105,0.016,0.001,0,0.003,0.005,0.003,0.002,0,0
0,0,0,0,0,1,0,0,0,0,0,0,0,0,0,0.01075,0.004,0.857,0.009,0.011,0.01825,0.061,0,0.001,0.014,0.006,0.007,0,0.001,0
0,0,1,0,0,0,0,0,0,0,0,0,0,0,0,0.111,0.055,0.113,0.079,0.077,0.064,0.157,0.039,0.086,0.045,0.032,0.032,0.057,0.042,0.011
0,0,1,0,0,0,0,0,0,0,0,0,0,0,0,0.02,0.016,0.839,0.012,0.021666666666666664,0.014,0.03633333333333333,0.002,0.003,0.003,0.019,0.007,0.003,0.004,0
0,0,1,0,0,0,0,0,0,0,0,0,0,0,0,0.03966666666666666,0.002,0.389,0.049,0.043,0.06433333333333334,0.265,0.005,0.003,0.115,0.009,0.003,0.001,0.012,0
0,0,1,0,0,0,0,0,0,0,0,0,0,0,0,0.1431666666666667,0.078,0.1275,0.2995,0.0535,0.04583333333333333,0.0795,0.027,0.014,0.045,0.002,0.028,0.028,0.028,0.001
0,0,1,0,0,0,0,0,0,0,0,0,0,0,0,0.008,0.021,0.623,0.144,0.007,0.063,0.005,0.002,0.003,0.006,0,0.019,0.078,0.017,0.004
0,0,1,0,0,0,0,0,0,0,0,0,0,0,0,0.12208333333333334,0.04,0.195,0.043,0.045,0.04741666666666666,0.1865,0.015,0.007,0.182,0.037,0.025,0.028,0.016,0.011
0,0,1,0,0,0,0,0,0,0,0,0,0,0,0,0.162,0.019,0.182,0.062,0.131,0.076,0.201,0.014,0.005,0.072,0.021,0.006,0.014,0.032,0.003
0,0,1,0,0,0,0,0,0,0,0,0,0,0,0,0.00325,0.001,0.944,0.002,0.005,0.00575,0.021,0.002,0,0.008,0.006,0.001,0.001,0,0
0,0,1,0,0,0,0,0,0,0,0,0,0,0,0,0.02654761904761905,0.015,0.804,0.007,0.027,0.026452380952380953,0.062,0.006,0.001,0.004,0.004,0.012,0.003,0.002,0
0,0,1,0,0,0,0,0,0,0,0,0,0,0,0,0.067,0.03,0.627,0.022,0.038,0.023,0.032,0.02,0.035,0.021,0.004,0.033,0.026,0.016,0.006
0,0,1,0,0,0,0,0,0,0,0,0,0,0,0,0.1386,0.046,0.205,0.055,0.09242857142857143,0.07226666666666666,0.1757047619047619,0.019,0.012,0.049,0.054,0.032,0.025,0.023,0.001
0,0,1,0,0,0,0,0,0,0,0,0,0,0,0,0.004,0.005,0.008,0.001,0.001,0.004,0.01,0,0,0.962,0.001,0.003,0,0.001,0
0,0,1,0,0,0,0,0,0,0,0,0,0,0,0,0.018,0.003,0.038,0.004,0.014,0.018,0.127,0,0,0.768,0.004,0,0.003,0.003,0
0,0,1,0,0,0,0,0,0,0,0,0,0,0,0,0.042,0.005,0.047,0.014,0.008,0.025,0.187,0.003,0,0.648,0.014,0.001,0.005,0.001,0
0,0,1,0,0,0,0,0,0,0,0,0,0,0,0,0.029,0.005,0.088,0.01,0.009,0.034,0.128,0.002,0,0.677,0.009,0,0.005,0.004,0
0,0,0,0,0,0,0,0,0,1,0,0,0,0,0,0.015,0.003,0.029,0.002,0.007,0.012,0.042,0.001,0,0.885,0.001,0.001,0.001,0.001,0
0,0,0,0,0,0,0,0,0,1,0,0,0,0,0,0.0035,0.001,0.017,0.004,0.006,0.004,0.0225,0,0,0.933,0.004,0.002,0.001,0.001,0.001
0,0,0,0,0,0,0,0,0,1,0,0,0,0,0,0.056,0.01,0.063,0.019,0.028,0.02,0.268,0.002,0.001,0.507,0.015,0.004,0.003,0.004,0
0,0,0,0,0,0,0,0,0,1,0,0,0,0,0,0.065,0.007,0.08,0.02,0.037,0.016,0.264,0.006,0.001,0.463,0.01,0.010571428571428572,0.011,0.00842857142857143,0.001
0,0,0,0,0,0,0,0,0,1,0,0,0,0,0,0.10575,0.023,0.217,0.052,0.02,0.052,0.36225,0.006,0.002,0.113,0.014,0.017,0.011,0.005,0
0,0,0,0,0,0,0,0,0,1,0,0,0,0,0,0.07883333333333334,0.014,0.057,0.011,0.144,0.5801666666666667,0.066,0.007,0.007,0.01,0.003,0.003,0.008,0.011,0
0,0,0,0,0,0,0,0,0,1,0,0,0,0,0,0.040333333333333325,0.008,0.034,0.031,0.059,0.7636666666666667,0.026,0.004,0.005,0.013,0.003,0.006,0.001,0.006,0
0,0,0,0,0,0,0,0,0,1,0,0,0,0,0,0.061,0.0105,0.048,0.019,0.188,0.545,0.059,0.0115,0.001,0.014,0.001,0.005,0.021,0.016,0
0,0,0,0,0,0,0,0,0,1,0,0,0,0,0,0.038,0.013,0.05,0.014,0.081,0.722,0.041,0.003,0.002,0.019,0.002,0.002,0.004,0.008,0.001
0,0,0,0,0,0,0,0,0,1,0,0,0,0,0,0.10479999999999999,0.017,0.046,0.019,0.235,0.4612,0.051,0.011,0.003,0.008,0.005,0.008,0.019,0.011,0.001
0,0,0,0,0,0,0,0,0,1,0,0,0,0,0,0.16799999999999998,0.044,0.231,0.0295,0.0775,0.08799999999999998,0.189,0.013,0.013,0.054,0.015,0.025,0.02,0.026,0.007
0,0,0,0,0,1,0,0,0,0,0,0,0,0,0,0.073,0.08975,0.2045,0.053,0.109,0.078,0.0855,0.04225,0.019,0.017,0.062,0.044,0.034,0.078,0.011
0,0,0,0,0,1,0,0,0,0,0,0,0,0,0,0.11393333333333333,0.013,0.20925,0.09774999999999999,0.078,0.10126666666666666,0.2698,0.003,0.002,0.06,0.032,0.007,0.007,0.006,0
0,0,0,0,0,1,0,0,0,0,0,0,0,0,0,0.017,0.001,0.005,0.001,0.952,0.007,0.005,0.005,0,0,0,0.002,0.003,0.002,0
0,0,0,0,0,1,0,0,0,0,0,0,0,0,0,0.044,0.014,0.033,0.01,0.762,0.03,0.03,0.002,0.027,0.01,0.015,0.01,0.007,0.003,0.003
0,0,0,0,0,1,0,0,0,0,0,0,0,0,0,0.02,0.006,0.012,0.005,0.853,0.025,0.031,0.015,0.002,0.01,0.002,0.002,0.006,0.011,0
0,0,0,0,0,1,0,0,0,0,0,0,0,0,0,0.06075,0.025,0.059,0.012,0.584,0.06125,0.047,0.008,0.027,0.015,0.057,0.019,0.011,0.01,0.004
0,0,0,0,0,1,0,0,0,0,0,0,0,0,0,0.22233333333333336,0.036,0.185,0.03,0.058,0.050666666666666665,0.239,0.015,0.007,0.058,0.014,0.0435,0.019,0.0175,0.005
0,0,0,0,0,1,0,0,0,0,0,0,0,0,0,0.0598,0.029,0.035,0.02,0.662,0.06620000000000001,0.021,0.025,0.011,0.017,0.004,0.009,0.012,0.028,0.001
0,0,0,0,0,1,0,0,0,0,0,0,0,0,0,0.031,0.009,0.012,0.013666666666666666,0.8463333333333333,0.027,0.014,0.008,0.002,0.003,0.005,0.008,0.003,0.015,0.003
0,0,0,0,1,0,0,0,0,0,0,0,0,0,0,0.037,0.008,0.034,0.02,0.77,0.048,0.022,0.023,0.003,0.005,0,0.007,0.005,0.015,0.003
0,0,0,0,1,0,0,0,0,0,0,0,0,0,0,0.012,0.002,0.002,0.004,0.967,0.002,0.007,0,0,0.001,0,0.001,0,0.002,0
0,0,0,0,1,0,0,0,0,0,0,0,0,0,0,0.2055,0.0435,0.111,0.04966666666666667,0.2355833333333333,0.0545,0.10575,0.0195,0.01,0.045,0.004,0.026,0.029,0.058,0.003
0,0,0,0,1,0,0,0,0,0,0,0,0,0,0,0.0495,0.014,0.023,0.013,0.787,0.0435,0.022,0.011,0.002,0.005,0.001,0.007,0.005,0.017,0
0,0,0,0,1,0,0,0,0,0,0,0,0,0,0,0.092,0.011,0.151,0.162,0.305,0.049,0.148,0.009,0.003,0.033,0.015,0.009,0.006,0.007,0
0,0,0,0,1,0,0,0,0,0,0,0,0,0,0,0.11743333333333333,0.018,0.072,0.105,0.24466666666666664,0.1565666666666667,0.1353333333333333,0.023,0.007,0.084,0.008,0.006,0.012,0.01,0.001
0,0,0,0,1,0,0,0,0,0,0,0,0,0,0,0.015,0.084,0.461,0.026,0.015,0.25,0.012,0.015,0.002,0.007,0.002,0.015,0.078,0.016,0.002
0,0,0,0,1,0,0,0,0,0,0,0,0,0,0,0.2959333333333333,0.014,0.167,0.0475,0.0365,0.05556666666666666,0.2485,0.014,0.008,0.021,0.046,0.014,0.02,0.012,0
0,0,0,0,1,0,0,0,0,0,0,0,0,0,0,0.0805,0.068,0.117,0.115,0.056,0.1005,0.113,0.028,0.025,0.025,0.131,0.059,0.046,0.028,0.008
0,0,0,0,1,0,0,0,0,0,0,0,0,0,0,0.07923333333333334,0.008,0.2971333333333333,0.17886666666666667,0.075,0.06376666666666667,0.168,0.003,0.003,0.077,0.011,0.008,0.005,0.022,0.001
0,0,0,0,1,0,0,0,0,0,0,0,0,0,0,0.048,0.012,0.042,0.781,0.025,0.015,0.031,0.004,0.008,0.008,0.006,0.005,0.006,0.008,0.001
0,0,0,1,0,0,0,0,0,0,0,0,0,0,0,0.039,0.012,0.0525,0.782,0.025,0.013,0.0305,0.008,0.001,0.016,0.003,0.009,0.004,0.002,0.003
0,0,0,1,0,0,0,0,0,0,0,0,0,0,0,0.07341666666666666,0.015,0.05275,0.666,0.024,0.04758333333333333,0.04525,0.014,0.001,0.023,0.005,0.015,0.008,0.009,0.001
0,0,0,1,0,0,0,0,0,0,0,0,0,0,0,0.15573333333333333,0.025,0.11966666666666666,0.206,0.075,0.08326666666666667,0.13333333333333333,0.013,0.003,0.111,0.03,0.025,0.012,0.008,0
0,0,0,1,0,0,0,0,0,0,0,0,0,0,0,0.13166666666666668,0.03575,0.10166666666666666,0.07333333333333333,0.141,0.09233333333333332,0.097,0.01825,0.155,0.051,0.016,0.046,0.018,0.015,0.008
0,0,0,1,0,0,0,0,0,0,0,0,0,0,0,0.053,0.013,0.0705,0.692,0.042,0.02,0.0505,0.011,0.005,0.017,0.003,0.01,0.006,0.006,0.001
0,0,0,1,0,0,0,0,0,0,0,0,0,0,0,0.001,0.003,0,0,0,0,0.001,0,0,0,0,0,0,0.995,0
0,0,0,1,0,0,0,0,0,0,0,0,0,0,0,0.002,0.035,0.002,0,0.002,0,0.002,0.006,0,0.001,0.001,0.01,0.052,0.882,0.005
0,0,0,1,0,0,0,0,0,0,0,0,0,0,0,0.001,0.9483333333333334,0.001,0,0,0,0,0.014666666666666666,0,0.001,0,0.008,0.007,0.017,0.002
0,0,0,1,0,0,0,0,0,0,0,0,0,0,0,0,0.079,0.002,0.001,0.001,0.001,0.001,0.002,0.001,0,0,0.8746666666666667,0.026,0.010333333333333332,0.001
0,0,0,1,0,0,0,0,0,0,0,0,0,0,0,0.001,0.01,0,0,0.001,0,0,0.002,0,0,0.001,0.018,0.931,0.029,0.007
0,0,0,0,0,0,0,0,0,0,0,0,0,1,0,0,0.002,0.002,0,0,0,0,0,0,0,0.001,0.001,0.992,0.002,0
0,0,0,0,0,0,0,0,0,0,0,0,1,0,0,0,0.007,0,0,0,0,0,0.003,0.967,0,0,0.012,0.005,0.005,0.001
0,0,0,0,0,0,0,0,0,0,0,0,0,1,0,0.0115,0.053,0.01,0.002,0.001,0.0035,0.003,0.018,0.004,0.001,0.001,0.0324,0.073,0.7606,0.026
0,0,0,0,0,0,0,0,0,0,0,1,0,0,0,0,0.012,0.001,0,0,0.001,0.001,0.005,0.001,0,0,0.012,0.90725,0.005,0.05475
0,0,0,0,0,0,0,0,0,0,0,1,0,0,0,0.001,0.042,0.001,0,0,0,0.002,0.003,0,0,0,0.92525,0.02,0.00475,0.001
0,0,0,0,0,0,0,0,1,0,0,0,0,0,0,0,0.033,0.003,0,0.001,0,0.002,0.015,0,0,0,0.017,0.01,0.913,0.006
0,0,0,0,0,0,0,0,0,0,0,1,0,0,0,0,0.003,0,0,0,0.001,0,0.001,0,0,0,0,0.002,0.992,0.001
0,0,0,0,0,0,0,0,0,0,0,1,0,0,0,0,0.009,0,0,0,0.001,0,0.002,0,0,0,0.001,0.007,0.979,0.001
0,0,0,0,0,0,0,0,0,0,0,0,0,1,0,0.001,0.012,0.001,0,0,0.001,0.001,0.009,0.001,0,0,0.012,0.79225,0.007,0.16275
0,1,0,0,0,0,0,0,0,0,0,0,0,0,0,0.005,0.051666666666666666,0.009,0.003,0.001,0.005,0.002,0.718,0.006,0.001,0.007,0.01653333333333333,0.05,0.1128,0.012
0,0,0,0,0,0,0,0,0,0,0,0,1,0,0,0,0.001,0.002,0,0,0,0,0.001,0,0,0.001,0.001,0.992,0.002,0
0,0,0,0,0,0,0,0,0,0,0,1,0,0,0,0.002,0.059,0.002,0.002,0.001,0,0,0.007,0.003,0,0,0.892,0.021,0.01,0.001
0,1,0,0,0,0,0,0,0,0,0,0,0,0,0,0.003,0.857,0.002,0.002,0.002,0,0.004,0.029,0,0.001,0.002,0.019,0.03,0.043,0.006
0,0,0,0,0,0,0,0,0,0,0,0,1,0,0,0.002,0.017,0.002,0,0.001,0,0,0.002,0.001,0,0,0.01,0.021,0.008,0.936
0,1,0,0,0,0,0,0,0,0,0,0,0,0,0,0.007,0.19,0.005,0.001,0.002,0.002,0.002,0.024,0.003,0,0,0.041,0.654,0.054,0.015
0,0,0,0,0,0,0,0,0,0,0,0,0,0,1,0.026,0.31366666666666665,0.008,0.005,0.012,0.005,0.005,0.33625,0.008,0.001,0.01,0.03933333333333333,0.104,0.09975,0.027
0,0,0,0,0,0,0,0,0,0,0,0,1,0,0,0.007,0.253,0.005,0.005,0.005,0.008,0.001,0.195,0,0,0.001,0.105,0.257,0.136,0.022
0,0,0,0,0,0,0,1,0,0,0,0,0,0,0,0.015,0.219,0.007,0.002,0.007,0.001,0.006,0.12499999999999999,0.003,0,0.002,0.07,0.124,0.3940000000000001,0.025
0,1,0,0,0,0,0,0,0,0,0,0,0,0,0,0.01225,0.2699166666666667,0.02,0.011,0.003,0.01075,0.003,0.39275,0.003,0,0.002,0.045,0.08333333333333333,0.125,0.019
0,0,0,0,0,0,0,0,0,0,0,0,1,0,0,0.014,0.301,0.03,0.006,0.005,0.009,0.015,0.06166666666666667,0.007,0.001,0.002,0.058,0.15,0.3173333333333333,0.023
0,0,0,0,0,0,0,1,0,0,0,0,0,0,0,0.001,0.019,0.001,0,0.002,0,0,0.001,0.001,0,0,0.008,0.007,0.006,0.954
0,0,0,0,0,0,0,0,0,0,0,0,0,1,0,0,0.01,0.001,0,0,0.001,0.001,0.006,0,0,0,0.039,0.898,0.011,0.033
0,0,0,0,0,0,0,0,0,0,0,0,0,1,0,0.017,0.182,0.024,0.012,0.001,0.017,0.016,0.198,0.005,0.002,0.001,0.075,0.225,0.184,0.041
0,0,0,0,0,0,0,0,0,0,0,0,1,0,0,0.007,0.025,0.012,0.007,0.003,0.006,0.001,0.021,0.005,0.001,0.002,0.024,0.048,0.833,0.005
0,0,0,0,0,0,0,0,0,0,0,0,0,1,0,0.002,0.041,0.001,0,0.001,0,0.001,0,0,0,0,0.931,0.017,0.006,0
0,0,0,0,0,0,0,0,0,0,0,0,0,1,0,0,0.014833333333333334,0,0,0.003,0,0,0.001,0.9691666666666666,0,0.001,0.008,0.001,0.001,0.001
0,0,0,0,0,0,0,0,0,0,0,0,0,1,0,0.001,0.04,0,0,0.004,0.001,0.002,0.005,0.007,0,0,0.017,0.04,0.03,0.853
0,0,0,0,0,0,0,1,0,0,0,0,0,0,0,0,0.002,0,0,0,0.001,0,0.001,0,0,0,0.001,0.002,0.992,0.001
0,0,0,0,0,0,0,0,0,0,0,0,1,0,0,0.002,0.036,0.001,0,0,0,0.001,0,0,0,0,0.92825,0.02875,0.003,0
0,1,0,0,0,0,0,0,0,0,0,0,0,0,0,0.003,0.041,0.001,0,0,0.001,0,0.014,0,0,0,0.054,0.765,0.031,0.09
0,0,0,0,0,0,0,0,0,0,0,0,0,1,0,0,0.002,0.001,0,0,0,0,0.003,0,0,0,0.003,0,0.991,0
0,0,0,0,0,0,0,0,0,0,0,0,0,1,0,0,0.002,0.001,0,0,0,0,0.004,0,0,0,0.003,0,0.99,0
0,0,0,0,0,0,0,0,0,0,0,1,0,0,0,0.002,0.015,0.001,0,0.002,0,0,0.001,0.001,0,0,0.007,0.009,0.004,0.958
0,0,0,0,0,0,0,0,0,0,0,0,0,1,0,0.004,0.957,0.002,0.002,0.002,0.002,0.002,0.001,0.003,0.001,0.001,0.01,0.007,0.006,0
0,0,0,0,0,0,0,0,0,0,0,0,0,1,0,0.011,0.4661666666666667,0.009,0.003,0.002,0.005,0.003,0.087,0,0.002,0.001,0.056833333333333326,0.169,0.167,0.018
0,0,0,0,0,0,0,0,0,0,0,0,1,0,0,0,0.042,0,0,0,0.002,0.001,0.024,0,0,0,0.008,0.029,0.894,0
0,0,0,0,0,0,0,0,0,0,0,0,1,0,0,0,0.001,0.002,0,0,0,0,0.001,0,0,0.001,0.001,0.992,0.002,0
0,0,0,0,0,0,0,0,0,0,0,0,0,1,0,0.001,0.003,0,0,0,0.001,0,0.002,0,0,0,0.001,0.002,0.99,0
0,0,0,0,0,0,0,0,0,0,0,1,0,0,0,0,0.004,0,0,0.001,0.001,0.001,0.001,0,0,0,0.03993419913419915,0.002,0.9500658008658007,0
0,0,0,0,0,0,0,0,0,0,0,1,0,0,0,0,0.002,0.001,0.001,0,0,0,0,0,0,0.001,0.001,0.992,0.002,0
0,0,0,0,0,0,0,0,0,0,0,0,0,0,1,0.001,0.8155,0.019,0.004,0.002,0.009,0.006,0.0065,0,0.004,0,0.028,0.042,0.06,0.003
0,0,0,0,0,0,0,0,0,0,0,1,0,0,0,0.002,0.036,0.001,0,0.001,0,0.001,0,0,0,0,0.92675,0.02625,0.006,0
0,0,0,0,0,0,0,0,0,0,0,0,0,0,1,0,0.009,0.001,0,0,0,0.001,0.973,0,0,0,0.003,0.007,0.005,0.001
0,1,0,0,0,0,0,0,0,0,0,0,0,0,0,0.004,0.053,0.002,0,0.003,0,0,0.008,0.002,0.001,0.001,0.018,0.029,0.019,0.86
0,1,0,0,0,0,0,0,0,0,0,0,0,0,0,0.013,0.084,0.015,0.004,0.001,0.005,0.008,0.034,0.002,0.003,0.002,0.056,0.245,0.506,0.022
0,1,0,0,0,0,0,0,0,0,0,0,0,0,0,0.168,0.163,0.096,0.064,0.045,0.031000000000000003,0.106,0.05,0.01,0.036,0.009,0.122,0.07,0.022,0.008
0,0,0,0,0,0,0,0,0,0,0,0,1,0,0,0,0,0.002,0,0,0,0,0.001,0,0,0.001,0.001,0.992,0.003,0
0,0,0,0,0,0,0,0,0,0,0,1,0,0,0,0,0.063,0.001,0,0,0,0.001,0.875,0.002,0,0.001,0.038,0.009,0.01,0
0,0,0,0,0,0,0,0,0,0,0,0,0,1,0,0.002,0.039,0.001,0,0,0,0.001,0,0,0,0,0.939,0.015,0.003,0
0,0,0,0,0,0,0,0,0,0,0,0,1,0,0,0.019,0.615,0.009,0.003,0.003,0.012,0.008,0.067,0.005,0,0.002,0.06666666666666667,0.101,0.07833333333333332,0.011
0,0,0,0,0,0,0,0,0,0,0,0,1,0,0,0.003,0.07,0.002,0.002,0.001,0,0,0.01,0.003,0,0,0.87,0.022,0.016,0.001
0,1,0,0,0,0,0,0,0,0,0,0,0,0,0,0.002,0.053,0.006,0,0,0.002,0.001,0.004,0.001,0,0.001,0.166,0.668,0.089,0.007
0,1,0,0,0,0,0,0,0,0,0,0,0,0,0,0.002,0.036,0,0,0,0,0.001,0,0,0,0,0.4600238095238096,0.021,0.47797619047619044,0.002
0,0,0,0,0,0,0,0,0,0,0,1,0,0,0,0.001,0.014,0.001,0,0,0.001,0,0.008,0,0,0,0.004,0.01,0.96,0.001
0,0,0,0,0,0,0,0,0,0,0,0,0,0,1,0.001,0.002,0,0,0,0,0.001,0,0,0,0,0.001,0,0.995,0
0,0,0,0,0,0,0,0,0,0,0,0,1,0,0,0.001,0.002,0,0,0,0,0.001,0,0,0,0,0.001,0,0.995,0
0,0,0,0,0,0,0,0,0,0,0,0,0,1,0,0.006,0.1,0.003,0,0.004,0.004,0.002,0.006,0.002,0,0.003,0.0481675324675325,0.026,0.7898324675324673,0.006
0,0,0,0,0,0,0,0,0,0,0,1,0,0,0,0.019,0.614,0.009,0.003,0.003,0.012,0.008,0.067,0.005,0,0.002,0.06566666666666666,0.102,0.07933333333333333,0.011
0,0,0,0,0,0,0,0,0,0,0,1,0,0,0,0.003,0.07,0.002,0.002,0.001,0,0.001,0.01,0.003,0,0,0.869,0.022,0.016,0.001
0,0,0,0,0,0,0,0,0,0,0,1,0,0,0,0.002,0.038,0.001,0,0,0,0.001,0,0,0,0,0.938,0.014,0.006,0
0,1,0,0,0,0,0,0,0,0,0,0,0,0,0,0,0.001,0,0,0,0,0.001,0.002,0,0,0,0.001,0.002,0.993,0
0,0,0,0,0,0,0,0,0,0,0,1,0,0,0,0.001,0.013,0,0,0.001,0.002,0,0.01,0,0,0,0.002,0.007,0.963,0.001
0,0,0,0,0,0,0,0,0,0,0,0,1,0,0,0.002,0.034,0.001,0,0,0,0.001,0,0,0,0,0.93525,0.02175,0.005,0
0,0,0,0,0,0,0,0,0,0,0,1,0,0,0,0.01,0.251,0.004,0.003,0.004,0.006,0.003,0.096,0.001,0,0,0.044166666666666674,0.2,0.3588333333333334,0.019
0,0,0,0,0,0,0,0,0,0,0,0,0,1,0,0,0.004,0.001,0,0,0,0.001,0.002,0,0,0,5e-4,0.028,0.9635,0
0,0,0,0,0,0,0,0,0,0,0,0,0,1,0,0.002,0.015,0,0,0.002,0,0.001,0.001,0.001,0,0,0.008,0.005,0.005,0.96
0,0,0,0,0,0,0,0,0,0,0,1,0,0,0,0.001,0.031,0.002,0.001,0.002,0.001,0.002,0.003,0,0,0,0.01,0.011,0.013,0.923
0,0,0,0,0,0,0,0,0,0,0,0,0,1,0,0.053,0.309,0.076,0.034,0.011,0.041,0.015,0.053,0.008,0.002,0.008,0.101,0.12,0.156,0.013
0,0,0,0,0,0,0,0,0,0,0,1,0,0,0,0.001,0.19,0.004,0.002,0.001,0,0.003,0.038,0.029,0,0,0.5289333333333334,0.168,0.025066666666666668,0.01
0,1,0,0,0,0,0,0,0,0,0,0,0,0,0,0.008,0.207,0.016,0.006,0.007,0.009,0.006,0.07733333333333334,0.017,0,0,0.07825,0.3346666666666666,0.20575,0.028
0,0,0,0,0,0,0,0,0,0,0,1,0,0,0,0.001,0.309,0.008,0.001,0,0,0.008,0.002,0.006,0,0,0.611,0.036,0.011,0.007
0,0,0,0,0,0,0,0,0,0,0,0,0,1,0,0.001,0.008,0,0,0,0.001,0,0.004,0,0,0,0,0.002,0.984,0
0,0,0,0,0,0,0,0,0,0,0,0,0,0,1,0.003,0.036,0.004,0.001,0,0.002,0.002,0,0,0,0.002,0.9102714285714285,0.017,0.019728571428571432,0.003
0,0,0,0,0,0,0,0,0,0,0,0,1,0,0,0,0.002,0.001,0,0,0,0,0,0,0,0.001,0.002,0.991,0.002,0.001
0,0,0,0,0,0,0,0,0,0,0,0,1,0,0,0.006,0.03,0.005,0.006,0.001,0.004,0.001,0.4048,0.002,0,0.001,0.018,0.082,0.4032,0.036
0,0,0,0,0,0,0,0,0,0,0,0,0,1,0,0.006,0.079,0.003,0.002,0.001,0.004,0.001,0.0245,0,0,0.001,0.294,0.314,0.2575,0.013
0,0,0,0,0,0,0,0,0,0,0,1,0,0,0,0.003,0.025,0.003,0.005,0,0.003,0,0.5896333333333333,0,0,0,0.001,0.033,0.32636666666666664,0.011
0,0,0,0,0,0,0,0,0,0,0,0,0,1,0,0.003,0.06566666666666665,0.015,0.006,0.006,0.006,0,0.3545,0.004,0,0,0.07133333333333335,0.283,0.1475,0.038
0,0,0,0,0,0,0,0,0,0,0,0,1,0,0,0.004,0.189,0.006,0.001,0.007,0.003,0.003,0.11166666666666666,0.004,0.001,0.003,0.076,0.134,0.43733333333333335,0.02
0,0,0,0,0,0,0,0,0,0,0,0,1,0,0,0.003,0.045,0,0,0,0.003,0.003,0.002,0,0,0,0.935,0.006,0.003,0
0,0,0,0,0,0,0,1,0,0,0,0,0,0,0,0.003,0.016,0.003,0.001,0,0.002,0.001,0.894,0.001,0,0.003,0.007,0.0385,0.0295,0.001
0,0,0,0,0,0,0,1,0,0,0,0,0,0,0,0,0.002,0.002,0,0,0,0,0,0,0,0.001,0.001,0.992,0.002,0
0,0,0,0,0,0,0,0,0,0,0,1,0,0,0,0,0.047,0.001,0.002,0.001,0.002,0.003,0,0,0,0.001,0.925,0.011,0.007,0
0,0,0,0,0,0,0,1,0,0,0,0,0,0,0,0,0.001,0.002,0,0,0,0,0.001,0,0,0.001,0.018,0.974,0.003,0
0,0,0,0,0,0,0,1,0,0,0,0,0,0,0,0.001,0.9393333333333334,0.002,0,0,0,0,0.02366666666666667,0,0.001,0,0.008,0.008,0.016,0.001
0,0,0,0,0,0,0,0,0,0,0,1,0,0,0,0,0.984,0.002,0.002,0,0,0,0.004,0,0.001,0,0.001,0.004,0.002,0
0,0,0,0,0,0,0,0,0,0,0,0,1,0,0,0.006,0.066,0.005,0.001,0.002,0.002,0.004,0.002,0.003,0.001,0,0.891,0.012,0.005,0
0,0,0,0,0,0,0,0,0,0,0,1,0,0,0,0.001,0.013,0,0,0,0,0.004,0.002,0.001,0,0,0.003,0.014,0.962,0
0,0,0,0,0,0,0,0,0,0,0,0,1,0,0,0,0.001,0,0,0,0,0.001,0.002,0,0,0,0.001,0.003,0.992,0
0,0,0,0,0,0,0,0,0,0,0,1,0,0,0,0,0.836,0.003,0,0,0,0.001,0.041,0,0.001,0,0.025,0.063,0.025,0.005
0,0,0,0,0,0,0,0,0,0,0,1,0,0,0,0.002,0.01,0.001,0,0,0.002,0,0.002,0,0,0.001,0.007,0.013,0.962,0
0,1,0,0,0,0,0,0,0,0,0,0,0,0,0,0.003,0.032,0.004,0,0,0.002,0.002,0,0,0,0.002,0.9261666666666667,0.016,0.011833333333333335,0.001
0,1,0,0,0,0,0,0,0,0,0,0,0,0,0,0.002,0.028,0.002,0,0,0,0.002,0,0,0,0.002,0.944,0.015,0.004,0.001
0,1,0,0,0,0,0,0,0,0,0,0,0,0,0,0,0.007,0,0,0,0.001,0.001,0.003,0,0,0,0.013954437229437226,0.007,0.9670455627705625,0
0,1,0,0,0,0,0,0,0,0,0,0,0,0,0,0,0.066,0.002,0,0,0.001,0.002,0.002,0.001,0.001,0,0.84255,0.04,0.041449999999999994,0.001
0,0,0,0,0,0,0,0,0,0,0,0,1,0,0,0.003,0.953,0.006,0,0.003,0,0.008,0.003,0.001,0,0.003,0.007,0.006,0.007,0
0,1,0,0,0,0,0,0,0,0,0,0,0,0,0,0.005,0.2514166666666667,0.008,0.002,0.004,0.002,0.005,0.01,0.002,0.001,0.001,0.5638500000000001,0.069,0.055733333333333336,0.02
0,0,0,0,0,0,0,0,0,0,0,1,0,0,0,0.001,0.023,0.002,0,0.001,0,0,0.002,0.001,0,0,0.017,0.035,0.014,0.904
0,0,0,0,0,0,0,0,0,0,0,0,0,1,0,0.004,0.051,0.001,0.004,0.001,0.003,0.002,0.041,0,0.001,0.002,0.013,0.38,0.493,0.004
0,0,0,0,0,0,0,0,0,0,0,1,0,0,0,0.005,0.05,0.004,0.001,0,0.004,0,0.006,0.001,0,0.001,0.054,0.828,0.03,0.016
0,1,0,0,0,0,0,0,0,0,0,0,0,0,0,0.0085,0.271,0.013,0.001,0.014,0.0065,0.011,0.028,0.019,0.004,0.005,0.065,0.099,0.243,0.212
0,0,0,0,0,0,0,0,1,0,0,0,0,0,0,0.002,0.5373333333333332,0.005,0.005,0.005,0.001,0.001,0.06666666666666665,0.006,0.002,0.002,0.094,0.074,0.168,0.031
0,0,0,0,0,0,0,0,0,0,0,0,0,1,0,0.012,0.153,0.029,0.011,0.03,0.009,0.006,0.012,0.493,0.005,0.002,0.105,0.077,0.049,0.007
0,0,0,0,0,0,0,0,0,0,0,1,0,0,0,0.004,0.65,0.012,0.001,0.001,0.001,0.004,0.041,0.001,0,0,0.061,0.113,0.104,0.007
0,1,0,0,0,0,0,0,0,0,0,0,0,0,0,0.002,0.6825,0.009,0.005,0.001,0.007,0.007,0.0135,0.002,0,0.002,0.023,0.064,0.169,0.013
0,0,0,0,0,0,0,0,0,0,0,0,0,1,0,0.003,0.051,0.001,0.001,0.001,0,0.001,0.008,0,0,0,0.885,0.04,0.009,0
0,1,0,0,0,0,0,0,0,0,0,0,0,0,0,0,0.01,0,0,0,0.001,0,0.001,0,0,0,0.001,0.007,0.98,0
0,0,0,0,0,0,0,0,0,0,0,1,0,0,0,0.011,0.309,0.01,0.003,0.001,0.008,0.003,0.007,0,0.001,0.002,0.615,0.022,0.005,0.003
0,1,0,0,0,0,0,0,0,0,0,0,0,0,0,0.003,0.082,0.007,0,0.003,0.002,0.003,0.016,0.002,0,0.001,0.8596666666666666,0.014,0.006333333333333333,0.001
0,1,0,0,0,0,0,0,0,0,0,0,0,0,0,0.012,0.78,0.017,0,0.002,0.003,0.007,0.016,0.004,0.002,0.005,0.031,0.046,0.062,0.013
0,1,0,0,0,0,0,0,0,0,0,0,0,0,0,0,0.013,0,0,0,0,0.001,0.002,0,0,0,0.005,0.011,0.968,0
0,0,0,0,0,0,0,0,0,0,0,0,0,1,0,0,0.034,0.003,0,0.001,0,0.002,0.015,0.001,0,0,0.016,0.01,0.912,0.006
0,0,0,0,0,0,0,0,0,0,0,1,0,0,0,0,0.004,0,0,0,0,0.001,0,0,0,0,0.001,0.002,0.992,0
0,0,0,0,0,0,0,0,0,0,0,1,0,0,0,0.007,0.25,0.004,0.004,0,0.002,0.003,0.039,0.001,0.001,0.004,0.025,0.018,0.636,0.006
0,0,0,0,0,0,0,0,0,0,0,0,0,1,0,0.1406666666666667,0.096,0.067,0.0345,0.0705,0.039,0.07633333333333332,0.297,0.03,0.028,0.005,0.023,0.046,0.042,0.005
0,0,0,0,0,0,0,0,0,0,0,1,0,0,0,0.002,0.077,0.006,0.001,0,0.001,0.003,0.001,0,0,0.002,0.884,0.018,0.005,0
0,1,0,0,0,0,0,0,0,0,0,0,0,0,0,0.001,0.2676666666666666,0.002,0,0.001,0.002,0.002,0.005,0.001,0,0,0.6823333333333332,0.028,0.007,0.001
0,0,0,0,0,0,0,0,0,0,0,0,0,1,0,0.006,0.222,0.003,0.004,0.002,0.002,0.005,0.018,0.011,0,0,0.631,0.05,0.04,0.006
0,0,0,0,0,0,0,1,0,0,0,0,0,0,0,0,0.985,0.003,0,0,0,0,0.004,0,0.001,0,0.001,0.006,0,0
0,0,0,0,0,0,0,0,0,0,0,0,0,0,1,0,0.003,0.002,0,0,0.001,0,0,0,0,0.001,0.025,0.962,0.006,0
0,0,0,0,0,0,0,0,0,0,0,1,0,0,0,0.01,0.064,0.007,0.002,0,0.002,0.005,0.834,0.003,0,0.001,0.017,0.028,0.024,0.003
0,0,0,0,0,0,0,0,0,0,0,1,0,0,0,0,0.001,0.002,0,0,0,0,0.001,0,0,0.001,0.001,0.992,0.002,0
0,0,0,0,0,0,0,0,0,0,0,0,1,0,0,0.002,0.036,0.001,0,0,0,0.001,0,0,0,0,0.93725,0.01975,0.003,0
0,0,0,0,0,0,0,0,0,0,0,1,0,0,0,0.009,0.197,0.003,0.002,0.002,0.006,0.002,0.08,0.007,0,0.001,0.4059730158730159,0.042,0.23102698412698414,0.012
0,1,0,0,0,0,0,0,0,0,0,0,0,0,0,0.012,0.762,0.008,0.001,0.003,0.008,0.001,0.018,0.006,0,0.008,0.044,0.058,0.061,0.01
0,0,0,0,0,0,0,0,0,0,0,1,0,0,0,0.002,0.036,0.001,0,0,0,0.001,0,0,0,0,0.92775,0.02625,0.006,0
0,1,0,0,0,0,0,0,0,0,0,0,0,0,0,0.001,0.004,0,0,0,0,0,0.001,0,0,0,0,0.002,0.992,0
0,0,0,0,0,0,0,0,0,0,0,0,0,1,0,0.002,0.664,0.007,0,0.001,0.004,0.007,0.005,0.002,0,0,0.2349095238095238,0.049,0.01809047619047619,0.006
0,1,0,0,0,0,0,0,0,0,0,0,0,0,0,0.001,0.073,0.002,0.001,0.001,0,0,0.006,0,0,0,0.01,0.033,0.871,0.002
0,1,0,0,0,0,0,0,0,0,0,0,0,0,0,0.001,0.039,0.001,0,0.001,0,0,0.009,0,0,0,0.008,0.036,0.902,0.003
0,1,0,0,0,0,0,0,0,0,0,0,0,0,0,0.005,0.055,0.001,0.001,0.002,0.001,0,0.028,0.001,0,0,0.017,0.086,0.798,0.005
0,0,0,0,0,0,0,0,0,0,0,0,1,0,0,0.0105,0.271,0.006,0.014,0.002,0.0155,0.005,0.262,0.011,0,0.001,0.134,0.128,0.095,0.045
0,0,0,0,0,0,0,0,0,0,0,0,0,1,0,0.019,0.35033333333333333,0.021,0.004,0.009,0.017,0.006,0.062,0.007,0.002,0.008,0.16876666666666665,0.1205,0.17640000000000003,0.029
0,0,0,0,0,0,0,0,0,0,0,0,0,1,0,0,0,0.002,0,0,0,0,0.001,0,0,0.001,0.001,0.992,0.003,0
0,1,0,0,0,0,0,0,0,0,0,0,0,0,0,0.003,0.6221666666666666,0,0,0,0,0,0.2738333333333333,0,0.001,0,0.001,0.031,0.068,0
0,0,0,0,0,0,0,0,0,0,0,1,0,0,0,0.002,0.8045,0.006,0.006,0.001,0,0.006,0.0155,0.001,0,0.001,0.021,0.051,0.078,0.007
0,0,0,0,0,0,0,1,0,0,0,0,0,0,0,0.003,0.172,0,0.002,0,0.001,0.001,0.008,0.001,0,0,0.77125,0.034,0.00575,0.001
0,0,0,0,0,0,0,0,0,0,0,1,0,0,0,0,0.983,0.003,0,0,0,0,0.004,0,0.001,0,0.001,0.006,0.002,0
0,0,0,0,0,0,0,0,0,0,0,0,0,1,0,0.001,0.968,0.003,0,0,0,0,0.008,0,0.001,0,0.001,0.015,0.002,0.001
0,0,0,0,0,0,0,0,0,0,0,0,0,1,0,0.001,0.018,0.001,0,0.001,0,0,0.001,0.009,0.001,0,0.01,0.009,0.007,0.942
0,0,0,0,0,0,0,0,0,0,0,1,0,0,0,0.003,0.107,0.004,0,0.002,0.003,0.001,0.013,0.003,0,0,0.7558380952380953,0.065,0.04316190476190476,0
0,0,0,0,0,0,0,0,0,0,0,0,0,1,0,0.001,0.003,0,0,0,0.001,0,0.002,0,0,0,0.001,0.002,0.99,0
0,0,0,0,0,0,0,0,0,0,0,1,0,0,0,0.001,0.019,0,0.001,0.002,0,0,0.001,0.002,0,0,0.008,0.008,0.008,0.95
0,0,0,0,0,0,0,0,0,0,0,0,0,1,0,0.004,0.7138333333333333,0.006,0.002,0.002,0.002,0.001,0.06816666666666665,0.002,0,0,0.06,0.063,0.071,0.005
0,0,0,0,0,0,0,0,0,0,0,0,1,0,0,0,0.001,0.001,0,0,0,0,0.001,0,0,0.001,0.002,0.99,0.003,0.001
0,0,0,0,0,0,0,0,0,0,0,0,0,1,0,0.005,0.063,0.003,0,0,0,0.003,0.006,0,0,0.002,0.8956666666666666,0.014,0.007333333333333333,0.001
0,1,0,0,0,0,0,0,0,0,0,0,0,0,0,0.02,0.185,0.013,0.031,0.002,0.004,0.008,0.3456666666666666,0.003,0.002,0.005,0.043,0.18725,0.1363333333333333,0.01475
0,0,0,0,0,0,0,0,1,0,0,0,0,0,0,0.014,0.219,0.025,0.004,0.005,0.029,0.018,0.008,0.003,0.002,0,0.5632666666666666,0.045,0.053733333333333334,0.011
0,0,0,0,0,0,0,0,0,0,0,0,0,1,0,0,0,0.002,0,0,0,0,0.001,0,0,0.001,0.001,0.992,0.003,0
0,1,0,0,0,0,0,0,0,0,0,0,0,0,0,0.003,0.1305,0.002,0,0,0.001,0.002,0.003,0.001,0,0,0.7891666666666667,0.043,0.022333333333333334,0.003
0,0,0,0,0,0,0,0,0,0,0,1,0,0,0,0.004,0.063,0.003,0,0.001,0,0.002,0.008,0,0,0.002,0.8976666666666666,0.013,0.005333333333333333,0.001
0,0,0,0,0,0,0,0,0,0,0,0,0,0,1,0.001,0.968,0,0.001,0,0.001,0,0.003,0,0,0,0.006,0.01,0.006,0.004
0,1,0,0,0,0,0,0,0,0,0,0,0,0,0,0.001,0.052,0.003,0.002,0.001,0.001,0.004,0.001,0,0,0.001,0.92,0.011,0.002,0.001
0,1,0,0,0,0,0,0,0,0,0,0,0,0,0,0.016333333333333335,0.2985,0.013,0.007,0.014,0.006666666666666667,0.007,0.022,0.0225,0,0.004,0.4265,0.122,0.0375,0.003
0,1,0,0,0,0,0,0,0,0,0,0,0,0,0,0,0.024,0.001,0.001,0.001,0,0,0.001,0.961,0,0.001,0.005,0.001,0.003,0.001
0,1,0,0,0,0,0,0,0,0,0,0,0,0,0,0.003,0.19633333333333333,0.005,0.003,0.004,0,0,0.04566666666666666,0.005,0,0,0.044,0.095,0.583,0.016
0,0,0,0,0,0,0,1,0,0,0,0,0,0,0,0.004,0.956,0.002,0.002,0.002,0.002,0.002,0.002,0.003,0.001,0.001,0.01,0.006,0.007,0
0,0,0,0,0,0,0,0,0,0,0,1,0,0,0,0.006,0.044,0.002,0.001,0.001,0.005,0.001,0.885,0.002,0,0,0.006,0.019,0.025,0.003
0,0,0,0,0,0,0,0,0,0,0,0,1,0,0,0.01,0.088,0.043,0.018,0.003,0.017,0.018,0.021,0.001,0.015,0.005,0.175,0.467,0.094,0.025
0,1,0,0,0,0,0,0,0,0,0,0,0,0,0,0,0.001,0.002,0,0,0,0,0.001,0,0,0.001,0.001,0.99,0.004,0
0,1,0,0,0,0,0,0,0,0,0,0,0,0,0,0.002,0.6365166666666667,0.003,0.002,0,0.004,0.001,0.028,0.001,0.002,0.001,0.24421666666666672,0.03,0.04426666666666666,0.001
0,0,0,0,0,0,0,0,0,0,0,0,0,1,0,0.002,0.056,0,0,0,0.002,0.003,0.002,0,0,0,0.927,0.007,0.001,0
0,0,0,0,0,0,0,0,0,0,0,0,0,1,0,0.5403333333333332,0,0.006,0.001,0.001,0.001,0.002,0.001,0,0.003,0.004,0.001,0.4396666666666667,0,0
0,0,0,0,0,0,0,0,0,0,0,0,1,0,0,0.011,0.852,0.02,0.003,0.002,0.007,0.004,0.011,0.001,0.004,0.001,0.028,0.024,0.026,0.006
0,0,0,0,0,0,0,0,0,0,0,0,0,1,0,0.001,0.03,0.002,0.001,0.001,0.001,0.004,0.003,0,0,0,0.009,0.007,0.009,0.932
0,0,0,0,0,0,0,0,1,0,0,0,0,0,0,0,0.002,0,0,0,0,0.001,0.001,0,0,0,0.002,0.002,0.992,0
0,0,0,0,0,0,0,0,0,0,0,0,0,1,0,0,0.035875,0,0,0.002,0,0,0,0.956125,0,0,0.004,0,0.002,0
0,0,0,0,0,0,0,0,0,0,0,0,1,0,0,0.005,0.105,0.002,0.001,0.002,0.002,0.01,0.024333333333333332,0,0,0.001,0.0215,0.059,0.75216666666666665,0.015
0,0,0,0,0,0,0,0,0,0,0,0,0,1,0,0.002,0.047,0.001,0,0,0,0.001,0.001,0,0,0,0.93125,0.01575,0.001,0
0,0,0,0,0,0,0,0,0,0,0,0,0,1,0,0.002,0.042,0,0.002,0.001,0,0.004,0,0,0.001,0,0.94,0.008,0,0
0,1,0,0,0,0,0,0,0,0,0,0,0,0,0,0.125,0.166,0.093,0.024,0.076,0.056,0.103,0.039,0.022,0.02,0.007,0.041,0.121,0.1,0.007
0,1,0,0,0,0,0,0,0,0,0,0,0,0,0,0,0.005,0.001,0.001,0.001,0.001,0.001,0.004,0,0,0,0.009,0.962,0.009,0.006
0,1,0,0,0,0,0,0,0,0,0,0,0,0,0,0.009,0.056333333333333326,0.0225,0.007,0.028,0.014,0.0045,0.016,0.587,0.005,0.001,0.10191666666666666,0.044,0.03575,0.068
0,0,0,0,0,0,0,0,0,0,0,0,1,0,0,0,0.983,0.003,0,0,0,0,0.001,0,0.001,0,0.004,0.004,0.004,0
0,0,0,0,0,0,0,0,0,0,0,1,0,0,0,0.002,0.9243333333333333,0.001,0,0,0,0,0.020666666666666667,0,0.001,0,0.011,0.022,0.018,0
0,0,0,0,0,0,0,0,0,0,0,0,0,1,0,0,0.003,0,0,0,0.001,0,0.002,0,0,0,0.001,0.002,0.99,0.001
0,0,0,0,0,0,0,0,0,0,0,0,1,0,0,0.002,0.8706666666666667,0.004,0.002,0,0.001,0.001,0.07733333333333332,0,0,0.004,0.011,0.012,0.015,0
0,0,0,0,0,0,0,0,0,0,0,1,0,0,0,0.001,0.921,0.016,0.005,0.002,0.009,0.002,0.007,0.001,0.001,0,0.004,0.006,0.02,0.005
0,0,0,0,0,0,0,0,0,0,0,1,0,0,0,0.001,0.9025,0,0,0,0,0,0.0785,0,0.001,0,0.002,0.009,0.006,0
0,0,0,0,0,0,0,0,0,0,0,1,0,0,0,0.003,0.536,0.006,0.002,0.002,0.007,0.002,0.05,0,0,0.002,0.146,0.125,0.106,0.013
0,0,0,0,0,0,0,0,0,0,0,1,0,0,0,0.013,0.078,0.006,0.003,0.002,0.004,0.005,0.023,0.006,0.001,0.003,0.041,0.086,0.711,0.018
0,0,0,0,0,0,0,0,0,0,0,0,1,0,0,0.18666666666666668,0.05725,0.094,0.037,0.071,0.11833333333333335,0.068,0.06475,0.017,0.03,0.013,0.03133333333333334,0.164,0.04366666666666667,0.004
0,1,0,0,0,0,0,0,0,0,0,0,0,0,0,0.001,0.004,0,0,0,0,0.001,0.002,0,0,0,0.00335952380952381,0.001,0.9876404761904762,0
0,0,0,0,0,0,0,0,0,0,0,0,1,0,0,0.01,0.087,0.009,0.005,0.021,0.006,0.005,0.002,0.001,0.004,0.002,0.80025,0.0325,0.01325,0.002
0,1,0,0,0,0,0,0,0,0,0,0,0,0,0,0.006,0.049,0.002,0.002,0.008,0.005,0.006,0.01,0,0.001,0.001,0.848,0.05,0.012,0
0,0,0,0,0,0,0,0,0,0,0,0,0,1,0,0.008,0.5215,0.006,0.003,0.005,0,0.006,0.0415,0.003,0.001,0,0.067,0.155,0.177,0.006
0,0,0,0,0,0,0,0,1,0,0,0,0,0,0,0.002,0.451,0.006,0.002,0.0018,0.003,0.0012,0.072,0.003,0,0.001,0.06,0.233,0.132,0.032
0,0,0,0,0,0,0,1,0,0,0,0,0,0,0,0.008,0.113,0.007,0.001,0.005,0.002,0.006,0.05683333333333333,0.001,0,0.005,0.08638333333333333,0.1145,0.5802833333333334,0.014
0,0,0,0,0,0,0,0,0,0,0,1,0,0,0,0.003,0.016,0.005,0.002,0.001,0.001,0,0.881,0.003,0,0.004,0.008,0.0425,0.0315,0.002
0,0,0,0,0,0,0,1,0,0,0,0,0,0,0,0.001,0.8425,0.004,0.002,0,0,0.001,0.0135,0.004,0,0,0.029,0.035,0.065,0.003
0,0,0,0,0,0,0,0,0,0,0,1,0,0,0,0.002,0.036,0.001,0,0.001,0,0.001,0,0,0,0,0.92675,0.02625,0.006,0
0,0,0,0,0,0,0,0,0,0,0,1,0,0,0,0.002,0.6216666666666666,0.004,0.002,0.002,0.004,0.001,0.055,0.002,0.001,0,0.08757142857142856,0.093,0.11776190476190478,0.007
0,0,0,0,0,0,0,0,0,0,0,0,1,0,0,0.004,0.134,0.005,0.001,0,0.006,0.002,0.004,0.003,0,0.002,0.796,0.034,0.005,0.004
0,0,0,0,0,0,0,0,0,0,0,0,1,0,0,0.001,0.002,0.001,0,0.001,0,0,0.003,0,0,0.001,0.009,0.978,0.004,0
0,0,0,0,0,0,0,0,0,0,0,0,1,0,0,0.002,0.004,0.002,0,0,0.001,0.001,0.003,0,0,0.001,0.196,0.711,0.078,0.001
0,0,0,0,0,0,0,0,0,0,0,1,0,0,0,0.009,0.105,0.017,0.009,0.039,0.016,0.006,0.033,0.005,0,0.001,0.0714952380952381,0.05,0.6215047619047618,0.017
0,0,0,0,0,0,0,0,0,0,0,0,0,1,0,0.023,0.136,0.008,0.007,0.003,0.003,0.009,0.458,0.006,0,0.012,0.02411111111111111,0.088,0.1988888888888889,0.024
0,0,0,0,0,0,0,0,0,0,0,1,0,0,0,0.001,0.002,0,0,0,0,0.002,0,0,0,0,0.0015,0,0.9935,0
0,0,0,0,0,0,0,0,0,0,0,0,0,1,0,0,0.003,0,0,0,0.001,0,0.002,0,0,0,0,0.004,0.989,0.001
0,0,0,0,0,0,0,0,0,0,0,0,0,1,0,0.012,0.15216666666666664,0.004,0.004,0.001,0.009,0.004,0.016,0.0095,0.001,0.004,0.40185000000000004,0.351,0.023483333333333332,0.007
0,1,0,0,0,0,0,0,0,0,0,0,0,0,0,0.003,0.136,0.006,0.005,0.002,0.01,0.001,0.067,0.001,0.002,0,0.0445,0.361,0.3405,0.021
0,1,0,0,0,0,0,0,0,0,0,0,0,0,0,0,0.014,0.002,0,0.001,0,0,0.001,0.973,0,0.001,0.005,0.001,0.002,0
0,0,0,0,0,0,0,0,0,0,0,0,0,1,0,0.002,0.042,0.001,0.001,0,0.002,0.001,0,0.003,0,0,0.922,0.017,0.006,0.003
0,0,0,0,0,0,0,0,0,0,0,1,0,0,0,0.006,0.14,0.002,0.007,0.007,0.005,0.005,0.018,0.045,0,0,0.04233333333333333,0.084,0.03466666666666667,0.604
0,1,0,0,0,0,0,0,0,0,0,0,0,0,0,0.007,0.076,0.004,0.002,0.00175,0.002,0.00125,0.074,0.004,0.001,0,0.08566666666666667,0.62,0.05533333333333334,0.066
0,1,0,0,0,0,0,0,0,0,0,0,0,0,0,0.002,0.037,0.001,0,0,0.001,0.001,0,0,0,0,0.9198333333333333,0.019,0.019166666666666665,0
0,0,0,0,0,0,0,0,0,0,0,0,0,0,1,0.001,0.009,0,0,0.001,0,0.001,0.001,0.972,0,0,0.012,0.001,0.002,0
0,0,0,0,0,0,0,0,0,0,0,0,1,0,0,0,0.008375,0,0,0.001,0,0,0.001,0.982625,0,0,0.004,0.001,0.002,0
0,0,0,0,0,0,0,0,1,0,0,0,0,0,0,0,0.0195,0,0,0.001,0,0,0.001,0.9695,0.001,0,0.003,0.001,0.002,0.002
0,0,0,0,0,0,0,0,0,0,0,0,0,1,0,0.007,0.194,0.017,0.005,0.003,0.01,0.006,0.023,0.001,0.002,0,0.6277666666666667,0.059,0.038233333333333334,0.007
0,0,0,0,0,0,0,0,0,0,0,0,0,1,0,0.002,0.036,0.001,0,0,0,0.001,0,0,0,0,0.933,0.02,0.007,0
0,0,0,0,0,0,0,0,1,0,0,0,0,0,0,0.014,0.028,0.003,0.002,0.001,0.003,0,0.895,0.001,0,0.001,0.009,0.028,0.014,0.001
0,0,0,0,0,0,0,0,1,0,0,0,0,0,0,0.008,0.6584999999999999,0.005,0.002,0.005,0.001,0.002,0.051000000000000004,0.007,0,0.001,0.0625,0.081,0.109,0.007
0,0,0,0,0,0,0,0,0,0,0,0,1,0,0,0.01,0.838,0.003,0.001,0.005,0.003,0.008,0.017,0.004,0,0.006,0.016,0.041,0.028,0.02
0,0,0,0,0,0,0,1,0,0,0,0,0,0,0,0.1395,0.047,0.113,0.038,0.091,0.0535,0.058,0.033,0.252,0.011,0.004,0.071,0.049,0.037,0.003
0,0,0,0,0,0,0,0,0,0,0,1,0,0,0,0.001,0.006,0.002,0,0.002,0.005,0,0.002,0,0,0.001,0.077,0.873,0.028,0.003
0,0,0,0,0,0,0,0,0,0,0,0,1,0,0,0.001,0.009,0.001,0,0,0,0.001,0.002,0,0,0,0.00675952380952381,0.008,0.9702404761904763,0.001
0,1,0,0,0,0,0,0,0,0,0,0,0,0,0,0,0.004,0,0,0,0,0.001,0.005,0,0,0,0.009,0.039,0.942,0
0,0,0,0,0,0,0,0,1,0,0,0,0,0,0,0.006,0.065,0.001,0,0.001,0.004,0.004,0.008,0.006,0.006,0,0.8508333333333333,0.029,0.016166666666666666,0.003
0,0,0,0,0,0,0,0,0,0,0,1,0,0,0,0.001,0.018,0.001,0,0.001,0.001,0,0.003,0.001,0,0,0.009,0.007,0.006,0.952
0,0,0,0,0,0,0,0,0,0,0,0,1,0,0,0.002,0.03433333333333333,0.002,0.002,0.001,0,0,0.842,0.001,0,0.001,0.016666666666666663,0.058,0.038,0.002
0,0,0,0,0,0,0,0,0,0,0,1,0,0,0,0.018,0.18780000000000002,0.022,0.01,0.005,0.016,0.007,0.466,0.0032,0.002,0.017,0.106,0.091,0.042,0.007
0,0,0,0,0,0,0,0,0,0,0,0,0,1,0,0.0015,0.017,0.002,0.001,0.001,5e-4,0.001,0.003,0.01,0.001,0,0.01,0.011,0.002,0.939
0,0,0,0,0,0,0,0,0,0,0,0,0,0,1,0,0.001,0.001,0,0,0,0,0.001,0,0,0.001,0.003,0.989,0.003,0.001
0,0,0,0,0,0,0,0,0,0,0,0,1,0,0,0.005,0.109,0.007,0.002,0.004,0.003,0.001,0.03,0.001,0,0,0.057,0.06,0.686,0.035
0,0,0,0,0,0,0,0,0,0,0,0,0,1,0,0,0.015,0.005,0,0,0,0.001,0.004,0,0,0.001,0.964,0.006,0.003,0.001
0,1,0,0,0,0,0,0,0,0,0,0,0,0,0,0,0,0.002,0,0,0,0,0.001,0,0,0.001,0.001,0.992,0.003,0
0,0,0,0,0,0,0,0,0,0,0,0,1,0,0,0.002,0.038,0.001,0,0,0,0.001,0,0,0,0,0.94,0.016,0.002,0
0,0,0,0,0,0,0,0,0,0,0,1,0,0,0,0.002,0.013,0.001,0,0.001,0,0,0.001,0.001,0,0,0.01,0.011,0.005,0.955
0,0,0,0,0,0,0,0,0,0,0,0,0,1,0,0.016,0.2845,0.011,0.011,0.011,0.003,0.008,0.1734166666666667,0.008,0,0.003,0.18491666666666665,0.137,0.12916666666666665,0.02
0,0,0,0,0,0,0,0,0,0,0,0,0,0,1,0,0.108875,0.001,0,0.002,0,0,0.001,0.858125,0,0,0.015,0.004,0.004,0.006
0,0,0,0,0,0,0,0,0,0,0,1,0,0,0,0.05,0.18133333333333332,0.068,0.029,0.042,0.08,0.043,0.065,0.025,0.015,0.016,0.22616666666666668,0.06,0.0825,0.017
0,0,0,0,0,0,0,0,0,0,0,0,0,1,0,0.002,0.038,0.001,0,0,0,0.001,0,0,0,0,0.90675,0.04625,0.005,0
0,0,0,0,0,0,0,0,0,0,0,1,0,0,0,0.05565,0.035,0.06516666666666665,0.021,0.06333333333333334,0.04335,0.0605,0.007,0.014,0.029,0.026,0.517,0.02,0.037,0.006
0,0,0,0,0,0,0,0,0,0,0,1,0,0,0,0.001,0.018,0.001,0,0.002,0,0,0.001,0.001,0,0,0.009,0.007,0.002,0.958
0,0,0,0,0,0,0,0,0,0,0,0,0,1,0,0.003,0.038,0.003,0,0.001,0.002,0.001,0.001,0,0.001,0.002,0.9225,0.016,0.0085,0.001
0,0,0,0,0,0,0,0,0,0,0,0,0,1,0,0,0.001,0.002,0,0,0,0,0.001,0,0,0.001,0.001,0.992,0.002,0
0,0,0,0,0,0,0,0,0,0,0,0,0,1,0,0,0.004,0,0,0.001,0.001,0.001,0.001,0,0,0,0.06165562770562774,0.002,0.92834437229437206,0
0,0,0,0,0,0,0,0,0,0,0,1,0,0,0,0.002,0.037,0.001,0,0,0,0.001,0,0,0,0,0.92775,0.03025,0.001,0
0,0,0,0,0,0,0,0,0,0,0,0,1,0,0,0.003,0.02,0.003,0.003,0.002,0.005,0,0.895,0,0,0,0.012,0.041,0.016,0
0,0,0,0,0,0,0,0,0,0,0,1,0,0,0,0.002,0.017,0.001,0,0.001,0,0,0.001,0.001,0,0,0.009,0.011,0.003,0.954
0,0,0,0,0,0,0,1,0,0,0,0,0,0,0,0,0.009375,0,0,0.001,0,0,0.001,0.981625,0,0,0.004,0.001,0.002,0
0,1,0,0,0,0,0,0,0,0,0,0,0,0,0,0.002,0.018,0.001,0,0.001,0,0,0.004,0.001,0.001,0,0.009,0.014,0.006,0.943
